time,x_error_m,y_error_m,z_error_m,tilt_error_deg,motor1_N,motor2_N,motor3_N,motor4_N
0.01,0.000283116,-0.00282361,-0.000425188,84.2844,0.400579,0.400579,0,0.845799
0.02,0.00112163,-0.00935044,-0.0015308,73.9638,0.15413,0.177878,0.0965026,0.110789
0.03,0.00259574,-0.0176964,-0.00305465,64.5886,0.17456,0.135467,0.240667,0.0823287
0.04,0.00504623,-0.027849,-0.00457985,56.6667,0.173445,0.169268,0.220042,0.131579
0.05,0.0086567,-0.0395596,-0.00581057,49.8558,0.165129,0.162086,0.193674,0.139668
0.06,0.0134199,-0.0524194,-0.00665212,43.9623,0.146204,0.14135,0.166358,0.12597
0.07,0.0192205,-0.0660289,-0.00714704,38.9598,0.126065,0.119543,0.142584,0.106974
0.08,0.0259156,-0.0800716,-0.00738901,34.8939,0.109689,0.102633,0.124715,0.0909766
0.09,0.0333765,-0.0943158,-0.00746742,31.8237,0.098221,0.091459,0.112512,0.0801005
0.1,0.0414988,-0.10859,-0.00744827,29.7768,0.0908524,0.084741,0.104614,0.0735713
0.11,0.0501974,-0.122762,-0.00737531,28.7145,0.0863606,0.0809868,0.0996617,0.0700066
0.12,0.0593988,-0.136721,-0.00727681,28.5182,0.0837672,0.0791255,0.0966725,0.0683234
0.13,0.0690359,-0.150372,-0.0071713,29.0089,0.0824311,0.0785017,0.0950121,0.0678463
0.14,0.0790452,-0.163633,-0.00707113,29.9867,0.0819523,0.0787201,0.0942747,0.0681761
0.15,0.0893643,-0.176429,-0.00698445,31.2679,0.08206,0.0795122,0.0941748,0.0690518
0.16,0.0999317,-0.188695,-0.00691668,32.7024,0.0825772,0.0807068,0.0945218,0.0703105
0.17,0.110686,-0.200372,-0.00687135,34.1774,0.0833856,0.082188,0.095182,0.0718456
0.18,0.121565,-0.211408,-0.00685049,35.6119,0.0843982,0.0838647,0.0960581,0.0735791
0.19,0.132508,-0.221759,-0.00685486,36.95,0.0855418,0.0856622,0.097062,0.0754424
0.2,0.143453,-0.231386,-0.00688415,38.1542,0.0867528,0.0875111,0.098122,0.0773747
0.21,0.154341,-0.24026,-0.0069371,39.2004,0.0879733,0.0893487,0.0991727,0.0793193
0.22,0.165111,-0.248357,-0.00701159,40.0746,0.0891506,0.0911166,0.100156,0.0812223
0.23,0.175708,-0.255658,-0.00710478,40.7695,0.0902366,0.0927613,0.101018,0.0830337
0.24,0.186076,-0.262155,-0.00721321,41.2835,0.0911888,0.0942352,0.101716,0.0847082
0.25,0.196164,-0.267845,-0.00733299,41.6185,0.0919715,0.095498,0.10221,0.0862064
0.26,0.205925,-0.272731,-0.00745993,41.7798,0.0925568,0.0965174,0.102474,0.0874966
0.27,0.215314,-0.276822,-0.00758971,41.7745,0.0929256,0.0972709,0.102488,0.088555
0.28,0.224292,-0.280135,-0.00771805,41.6115,0.0930682,0.0977457,0.102244,0.0893674
0.29,0.232826,-0.28269,-0.00784085,41.301,0.0929842,0.0979396,0.101745,0.0899287
0.3,0.240887,-0.284513,-0.00795436,40.8538,0.0926817,0.0978596,0.101003,0.0902425
0.31,0.24845,-0.285632,-0.00805527,40.2815,0.0921763,0.0975217,0.100037,0.0903202
0.32,0.255498,-0.286081,-0.00814078,39.5958,0.0914901,0.0969492,0.0988752,0.0901805
0.33,0.262017,-0.285894,-0.00820871,38.8085,0.0906502,0.0961711,0.0975492,0.0898472
0.34,0.267997,-0.285107,-0.00825744,37.9313,0.0896859,0.09522,0.096094,0.0893475
0.35,0.273435,-0.283758,-0.00828596,36.9757,0.0886275,0.0941303,0.0945454,0.0887105
0.36,0.27833,-0.281886,-0.0082938,35.9525,0.0875043,0.0929358,0.0929376,0.087965
0.37,0.282684,-0.279528,-0.00828097,34.8723,0.0863438,0.0916689,0.0913026,0.0871388
0.38,0.286502,-0.276721,-0.00824789,33.745,0.0851701,0.0903591,0.0896686,0.0862576
0.39,0.289795,-0.273503,-0.00819535,32.58,0.0840041,0.0890323,0.0880597,0.0853442
0.4,0.292571,-0.269909,-0.0081244,31.3859,0.0828631,0.0877108,0.0864954,0.0844183
0.41,0.294843,-0.265973,-0.00803626,30.1707,0.0817608,0.0864127,0.0849913,0.0834963
0.42,0.296625,-0.261728,-0.00793236,28.9418,0.0807081,0.0851531,0.0835591,0.0825922
0.43,0.297933,-0.257206,-0.00781416,27.7061,0.079713,0.0839435,0.0822075,0.081717
0.44,0.298781,-0.252436,-0.00768319,26.4698,0.0787803,0.0827921,0.0809414,0.0808784
0.45,0.299188,-0.247448,-0.00754096,25.2385,0.0779125,0.0817038,0.0797628,0.080082
0.46,0.299169,-0.242267,-0.00738896,24.0175,0.0771103,0.0806817,0.078672,0.079331
0.47,0.298743,-0.236919,-0.00722861,22.8116,0.0763732,0.0797269,0.0776676,0.0786275
0.48,0.297927,-0.231427,-0.00706126,21.6252,0.0756995,0.0788392,0.0767467,0.0779723
0.49,0.29674,-0.225815,-0.00688819,20.4624,0.075087,0.078017,0.0759058,0.0773649
0.5,0.295199,-0.220103,-0.00671059,19.3269,0.0745329,0.0772587,0.0751412,0.0768046
0.51,0.293323,-0.214312,-0.00652957,18.2225,0.0740346,0.0765623,0.0744491,0.0762904
0.52,0.291129,-0.208458,-0.00634615,17.1525,0.0735891,0.0759252,0.0738257,0.0758207
0.53,0.288636,-0.202561,-0.00616128,16.1202,0.0731933,0.0753447,0.0732669,0.0753936
0.54,0.285861,-0.196635,-0.00597582,15.1288,0.0728442,0.0748181,0.0727686,0.0750072
0.55,0.282822,-0.190697,-0.00579054,14.1815,0.0725387,0.0743422,0.0723269,0.0746593
0.56,0.279536,-0.18476,-0.00560615,13.2814,0.0722736,0.0739141,0.0719379,0.0743476
0.57,0.276019,-0.178836,-0.00542328,12.4319,0.0720459,0.0735307,0.0715976,0.0740697
0.58,0.272289,-0.172939,-0.00524248,11.636,0.0718526,0.0731891,0.0713026,0.0738235
0.59,0.26836,-0.16708,-0.00506425,10.8971,0.071691,0.0728863,0.0710492,0.0736064
0.6,0.264251,-0.161269,-0.00488902,10.2182,0.0715583,0.0726193,0.0708341,0.0734164
0.61,0.259975,-0.155515,-0.00471714,9.60259,0.0714528,0.0723856,0.070654,0.0732519
0.62,0.255547,-0.149827,-0.00454894,9.05288,0.0713687,0.0721822,0.070506,0.073108
0.63,0.250983,-0.144214,-0.00438468,8.57131,0.0713069,0.0720065,0.0703866,0.0729855
0.64,0.246297,-0.138683,-0.00422458,8.15926,0.0712641,0.0718562,0.0702936,0.0728813
0.65,0.241502,-0.13324,-0.00406881,7.81701,0.0712381,0.071729,0.0702242,0.0727936
0.66,0.236612,-0.127892,-0.0039175,7.54342,0.0712267,0.0716225,0.0701759,0.0727205
0.67,0.231639,-0.122643,-0.00377075,7.33579,0.071228,0.0715346,0.0701464,0.0726602
0.68,0.226597,-0.1175,-0.0036286,7.18981,0.0712402,0.0714633,0.0701334,0.072611
0.69,0.221496,-0.112465,-0.0034911,7.09977,0.0712615,0.0714067,0.0701348,0.0725714
0.7,0.216348,-0.107544,-0.00335823,7.05889,0.0712904,0.0713629,0.0701487,0.0725398
0.71,0.211165,-0.102739,-0.00322997,7.05974,0.0713252,0.0713302,0.0701733,0.0725149
0.72,0.205957,-0.0980533,-0.00310627,7.09473,0.0713647,0.0713073,0.0702068,0.0724955
0.73,0.200733,-0.093489,-0.00298707,7.15646,0.0714077,0.0712926,0.070248,0.0724805
0.74,0.195505,-0.0890481,-0.00287228,7.23809,0.0714531,0.071285,0.0702953,0.0724689
0.75,0.190279,-0.0847321,-0.0027618,7.33345,0.0715,0.0712832,0.0703474,0.0724598
0.76,0.185066,-0.0805424,-0.00265553,7.43715,0.0715473,0.0712862,0.0704033,0.0724523
0.77,0.179874,-0.0764796,-0.00255334,7.54462,0.0715944,0.071293,0.070462,0.0724458
0.78,0.17471,-0.0725441,-0.00245511,7.65203,0.0716405,0.0713027,0.0705224,0.0724395
0.79,0.169581,-0.0687362,-0.0023607,7.75623,0.071685,0.0713147,0.0705837,0.0724331
0.8,0.164495,-0.0650557,-0.00226997,7.85472,0.0717275,0.0713281,0.0706452,0.072426
0.81,0.159457,-0.061502,-0.00218278,7.94548,0.0717674,0.0713424,0.0707063,0.0724177
0.82,0.154473,-0.0580746,-0.00209899,8.02697,0.0718045,0.071357,0.0707664,0.0724081
0.83,0.14955,-0.0547724,-0.00201845,8.09802,0.0718384,0.0713716,0.0708249,0.0723968
0.84,0.144693,-0.0515943,-0.00194101,8.15781,0.071869,0.0713857,0.0708815,0.0723836
0.85,0.139905,-0.0485388,-0.00186654,8.20574,0.071896,0.071399,0.0709359,0.0723684
0.86,0.135191,-0.0456044,-0.00179489,8.24147,0.0719194,0.0714112,0.0709878,0.0723512
0.87,0.130555,-0.0427893,-0.00172592,8.26484,0.0719392,0.0714222,0.0710369,0.0723318
0.88,0.126002,-0.0400916,-0.0016595,8.27583,0.0719552,0.0714317,0.0710831,0.0723102
0.89,0.121533,-0.0375092,-0.00159551,8.27456,0.0719676,0.0714398,0.0711263,0.0722866
0.9,0.117152,-0.0350399,-0.0015338,8.26124,0.0719764,0.0714462,0.0711663,0.0722609
0.91,0.112861,-0.0326815,-0.00147428,8.23617,0.0719817,0.071451,0.0712033,0.0722333
0.92,0.108663,-0.0304314,-0.00141681,8.19972,0.0719837,0.0714542,0.0712371,0.0722039
0.93,0.104559,-0.0282873,-0.0013613,8.1523,0.0719825,0.0714557,0.0712678,0.0721728
0.94,0.100551,-0.0262464,-0.00130763,8.0944,0.0719782,0.0714556,0.0712955,0.0721401
0.95,0.0966403,-0.0243061,-0.00125571,8.02649,0.0719711,0.071454,0.0713203,0.0721061
0.96,0.092828,-0.0224637,-0.00120544,7.94911,0.0719614,0.071451,0.0713422,0.0720708
0.97,0.0891147,-0.0207166,-0.00115674,7.86279,0.0719492,0.0714466,0.0713614,0.0720345
0.98,0.0855011,-0.0190617,-0.00110954,7.76807,0.0719347,0.071441,0.071378,0.0719974
0.99,0.0819875,-0.0174964,-0.00106374,7.66554,0.0719187,0.0714344,0.0713932,0.071959
1,0.0785739,-0.0160179,-0.00101928,7.55574,0.0719,0.0714265,0.0714038,0.0719214
1.01,0.0752602,-0.0146231,-0.000976094,7.43921,0.0718801,0.0714178,0.0714135,0.0718826
1.02,0.0720462,-0.0133094,-0.000934125,7.31652,0.0718587,0.0714082,0.0714211,0.0718438
1.03,0.0689313,-0.0120738,-0.000893316,7.18819,0.0718362,0.071398,0.0714269,0.0718049
1.04,0.0659149,-0.0109136,-0.000853614,7.05476,0.0718127,0.0713872,0.0714309,0.0717662
1.05,0.0629963,-0.00982588,-0.000814973,6.91676,0.0717883,0.071376,0.0714334,0.0717278
1.06,0.0601743,-0.00880788,-0.000777348,6.77468,0.0717633,0.0713644,0.0714345,0.0716899
1.07,0.0574481,-0.00785683,-0.0007407,6.62902,0.0717378,0.0713526,0.0714343,0.0716525
1.08,0.0548163,-0.00697,-0.000704991,6.48027,0.0717119,0.0713406,0.0714329,0.0716157
1.09,0.0522777,-0.00614471,-0.00067019,6.32887,0.0716859,0.0713285,0.0714305,0.0715797
1.1,0.0498307,-0.0053783,-0.000636264,6.17526,0.0716597,0.0713164,0.0714273,0.0715446
1.11,0.047474,-0.00466818,-0.000603186,6.01988,0.0716337,0.0713045,0.0714232,0.0715104
1.12,0.0452058,-0.00401178,-0.00057093,5.86312,0.0716078,0.0712927,0.0714185,0.0714773
1.13,0.0430246,-0.0034066,-0.000539473,5.70538,0.0715822,0.0712811,0.0714132,0.0714452
1.14,0.0409286,-0.0028502,-0.000508794,5.54701,0.0715569,0.0712697,0.0714075,0.0714143
1.15,0.0389159,-0.00234018,-0.000478872,5.38838,0.0715322,0.0712587,0.0714013,0.0713846
1.16,0.0369847,-0.00187421,-0.000449689,5.2298,0.0715079,0.0712481,0.0713948,0.0713561
1.17,0.0351331,-0.00145,-0.000421229,5.0716,0.0714842,0.0712378,0.071388,0.0713288
1.18,0.0333592,-0.00106536,-0.000393476,4.91405,0.0714612,0.071228,0.0713811,0.0713028
1.19,0.031661,-0.000718121,-0.000366415,4.75745,0.0714389,0.0712186,0.0713741,0.0712781
1.2,0.0300364,-0.000406205,-0.000340033,4.60204,0.0714172,0.0712097,0.0713669,0.0712546
1.21,0.0284836,-0.000127588,-0.000314316,4.44807,0.0713964,0.0712013,0.0713598,0.0712324
1.22,0.0270004,0.000119691,-0.000289253,4.29576,0.0713763,0.0711934,0.0713526,0.0712115
1.23,0.0255848,0.000337524,-0.000264832,4.14531,0.071357,0.0711859,0.0713455,0.0711919
1.24,0.0242348,0.000527739,-0.000241042,3.99691,0.0713385,0.071179,0.0713384,0.0711734
1.25,0.0229483,0.000692102,-0.000217872,3.85075,0.0713209,0.0711725,0.0713315,0.0711562
1.26,0.0217233,0.00083231,-0.00019531,3.70697,0.071304,0.0711665,0.0713247,0.0711402
1.27,0.0205578,0.000949998,-0.000173348,3.56572,0.071288,0.071161,0.071318,0.0711254
1.28,0.0194497,0.00104674,-0.000151975,3.42714,0.0712728,0.0711559,0.0713114,0.0711116
1.29,0.0183971,0.00112404,-0.000131181,3.29134,0.0712584,0.0711513,0.071305,0.071099
1.3,0.017398,0.00118334,-0.000110956,3.15842,0.0712447,0.0711471,0.0712988,0.0710874
1.31,0.0164505,0.00122603,-9.12906e-05,3.02847,0.0712318,0.0711433,0.0712927,0.0710768
1.32,0.0155526,0.00125344,-7.21743e-05,2.90158,0.0712197,0.0711399,0.0712869,0.0710672
1.33,0.0147024,0.00126681,-5.35974e-05,2.77781,0.0712083,0.0711369,0.0712811,0.0710585
1.34,0.013898,0.00126737,-3.55503e-05,2.65721,0.0711977,0.0711342,0.0712756,0.0710507
1.35,0.0131377,0.00125625,-1.80229e-05,2.53984,0.0711877,0.0711319,0.0712703,0.0710438
1.36,0.0124196,0.00123454,-1.00554e-06,2.42573,0.0711783,0.0711299,0.0712651,0.0710376
1.37,0.0117419,0.00120329,1.55119e-05,2.31491,0.0711696,0.0711281,0.0712601,0.0710323
1.38,0.011103,0.00116347,3.15394e-05,2.2074,0.0711615,0.0711267,0.0712552,0.0710276
1.39,0.0105011,0.00111602,4.7087e-05,2.1032,0.071154,0.0711255,0.0712505,0.0710236
1.4,0.00993458,0.00106181,6.21648e-05,2.00232,0.0711471,0.0711245,0.071246,0.0710203
1.41,0.00940187,0.00100167,7.67828e-05,1.90476,0.0711407,0.0711237,0.0712416,0.0710175
1.42,0.00890137,0.000936379,9.09513e-05,1.81049,0.0711348,0.0711231,0.0712374,0.0710153
1.43,0.00843158,0.000866677,0.00010468,1.71951,0.0711294,0.0711227,0.0712333,0.0710137
1.44,0.007991,0.000793252,0.000117982,1.6318,0.0711241,0.0711233,0.0712301,0.0710125
1.45,0.0075782,0.000716748,0.000130868,1.54733,0.07112,0.0711223,0.0712254,0.0710119
1.46,0.00719179,0.00063777,0.000143346,1.46605,0.0711158,0.0711223,0.0712216,0.0710115
1.47,0.00683041,0.000556879,0.000155424,1.38792,0.071112,0.0711224,0.071218,0.0710115
1.48,0.00649277,0.000474599,0.000167112,1.31289,0.0711086,0.0711226,0.0712144,0.0710119
1.49,0.00617758,0.000391417,0.000178422,1.24092,0.0711056,0.0711229,0.071211,0.0710126
1.5,0.00588365,0.000307782,0.000189362,1.17196,0.0711028,0.0711232,0.0712077,0.0710136
1.51,0.00560978,0.000224107,0.000199943,1.10596,0.0711004,0.0711236,0.0712045,0.0710148
1.52,0.00535485,0.000140776,0.000210174,1.04284,0.0710983,0.0711241,0.0712014,0.0710163
1.53,0.00511777,5.81365e-05,0.000220065,0.982564,0.0710964,0.0711245,0.0711983,0.071018
1.54,0.00489748,-2.34916e-05,0.000229626,0.925056,0.0710947,0.071125,0.0711953,0.0710199
1.55,0.00469298,-0.000103819,0.000238865,0.870254,0.0710933,0.0711256,0.0711924,0.0710219
1.56,0.0045033,-0.000182583,0.000247794,0.818092,0.071092,0.0711261,0.0711896,0.0710241
1.57,0.00432751,-0.000259548,0.000256419,0.768499,0.071091,0.0711266,0.0711868,0.0710264
1.58,0.00416473,-0.000334504,0.000264751,0.721408,0.0710901,0.0711271,0.0711841,0.0710288
1.59,0.00401411,-0.000407263,0.000272799,0.676746,0.0710894,0.0711276,0.0711815,0.0710313
1.6,0.00387483,-0.000477663,0.000280571,0.634442,0.0710889,0.0711281,0.0711789,0.0710339
1.61,0.00374612,-0.000545558,0.000288075,0.594423,0.0710885,0.0711286,0.0711764,0.0710366
1.62,0.00362725,-0.000610827,0.00029532,0.556615,0.0710882,0.071129,0.071174,0.0710392
1.63,0.0035175,-0.000673367,0.000302315,0.520944,0.071088,0.0711294,0.0711716,0.0710419
1.64,0.00341623,-0.000733089,0.000309066,0.487336,0.071088,0.0711298,0.0711692,0.0710447
1.65,0.00332278,-0.000789926,0.000315583,0.455717,0.071088,0.0711302,0.071167,0.0710474
1.66,0.00323656,-0.000843824,0.000321872,0.426009,0.0710882,0.0711305,0.0711647,0.0710501
1.67,0.003157,-0.000894743,0.000327941,0.39814,0.0710884,0.0711308,0.0711626,0.0710528
1.68,0.00308357,-0.000942659,0.000333798,0.372033,0.0710886,0.0711311,0.0711605,0.0710556
1.69,0.00301574,-0.000987557,0.000339448,0.347612,0.071089,0.0711313,0.0711584,0.0710582
1.7,0.00295304,-0.00102944,0.0003449,0.324802,0.0710894,0.0711315,0.0711564,0.0710609
1.71,0.00289503,-0.00106831,0.00035016,0.303527,0.0710898,0.0711317,0.0711545,0.0710635
1.72,0.00284126,-0.0011042,0.000355234,0.283712,0.0710903,0.0711318,0.0711526,0.0710661
1.73,0.00279135,-0.00113712,0.000360129,0.265281,0.0710909,0.0711319,0.0711508,0.0710686
1.74,0.00274492,-0.00116713,0.000364851,0.248158,0.0710915,0.071132,0.071149,0.0710711
1.75,0.00270162,-0.00119426,0.000369405,0.232267,0.0710921,0.071132,0.0711473,0.0710735
1.76,0.00266111,-0.00121856,0.000373798,0.217535,0.0710927,0.071132,0.0711456,0.0710759
1.77,0.0026231,-0.0012401,0.000378035,0.203885,0.0710933,0.071132,0.071144,0.0710782
1.78,0.00258731,-0.00125893,0.000382121,0.191245,0.071094,0.071132,0.0711424,0.0710804
1.79,0.00255345,-0.00127514,0.000386062,0.179541,0.0710947,0.0711319,0.0711409,0.0710826
1.8,0.0025213,-0.00128878,0.000389863,0.168702,0.0710954,0.0711318,0.0711394,0.0710847
1.81,0.00249063,-0.00129994,0.000393529,0.158658,0.0710961,0.0711317,0.071138,0.0710868
1.82,0.00246123,-0.00130869,0.000397064,0.14934,0.0710969,0.0711316,0.0711367,0.0710887
1.83,0.0024329,-0.00131513,0.000400473,0.140684,0.0710976,0.0711314,0.0711354,0.0710907
1.84,0.00240547,-0.00131933,0.000403761,0.132627,0.0710983,0.0711312,0.0711341,0.0710925
1.85,0.00237878,-0.00132139,0.000406931,0.125109,0.0710991,0.071131,0.0711329,0.0710943
1.86,0.00235268,-0.00132138,0.000409989,0.118074,0.0710998,0.0711308,0.0711318,0.071096
1.87,0.00232705,-0.00131941,0.000412937,0.111471,0.0711005,0.0711306,0.0711307,0.0710977
1.88,0.00230176,-0.00131557,0.00041578,0.105251,0.0711012,0.0711304,0.0711297,0.0710992
1.89,0.00227671,-0.00130993,0.000418522,0.0993706,0.071102,0.0711302,0.0711287,0.0711008
1.9,0.00225179,-0.0013026,0.000421165,0.0937896,0.0711027,0.0711299,0.0711277,0.0711022
1.91,0.00222693,-0.00129366,0.000423714,0.0884727,0.0711034,0.0711297,0.0711268,0.0711036
1.92,0.00220205,-0.00128322,0.000426173,0.0833884,0.0711041,0.0711294,0.071126,0.0711049
1.93,0.00217708,-0.00127134,0.000428543,0.0785093,0.0711048,0.0711291,0.0711252,0.0711062
1.94,0.00215197,-0.00125813,0.000430829,0.0738116,0.0711054,0.0711289,0.0711244,0.0711074
1.95,0.00212667,-0.00124367,0.000433033,0.0692751,0.0711061,0.0711286,0.0711237,0.0711086
1.96,0.00210114,-0.00122804,0.000435158,0.0648828,0.0711068,0.0711283,0.071123,0.0711097
1.97,0.00207535,-0.00121134,0.000437207,0.060621,0.0711074,0.0711281,0.0711224,0.0711107
1.98,0.00204926,-0.00119364,0.000439183,0.0564783,0.071108,0.0711278,0.0711218,0.0711117
1.99,0.00202287,-0.00117503,0.000441089,0.0524461,0.0711086,0.0711275,0.0711213,0.0711126
2,0.00199615,-0.00115558,0.000442926,0.0485181,0.0711092,0.0711272,0.0711208,0.0711135
2.01,0.00196909,-0.00113537,0.000444698,0.04469,0.0711098,0.071127,0.0711203,0.0711143
2.02,0.0019417,-0.00111447,0.000446406,0.0409596,0.0711104,0.0711267,0.0711198,0.0711151
2.03,0.00191396,-0.00109296,0.000448053,0.0373264,0.0711109,0.0711265,0.0711194,0.0711158
2.04,0.00188589,-0.00107091,0.000449642,0.0337921,0.0711115,0.0711262,0.0711191,0.0711165
2.05,0.00185749,-0.00104838,0.000451173,0.0303606,0.071112,0.0711259,0.0711187,0.0711172
2.06,0.00182877,-0.00102544,0.00045265,0.0270384,0.0711125,0.0711257,0.0711184,0.0711178
2.07,0.00179974,-0.00100215,0.000454074,0.0238358,0.071113,0.0711255,0.0711182,0.0711183
2.08,0.00177043,-0.000978574,0.000455447,0.0207684,0.0711135,0.0711252,0.0711179,0.0711189
2.09,0.00174085,-0.000954768,0.000456771,0.0178608,0.071114,0.071125,0.0711177,0.0711194
2.1,0.00171102,-0.000930786,0.000458048,0.0151521,0.0711144,0.0711248,0.0711175,0.0711198
2.11,0.00168095,-0.000906681,0.000459279,0.0127071,0.0711149,0.0711246,0.0711173,0.0711202
2.12,0.00165069,-0.000882504,0.000460465,0.0106338,0.0711153,0.0711244,0.0711172,0.0711206
2.13,0.00162024,-0.000858301,0.00046161,0.00910132,0.0711157,0.0711242,0.0711171,0.071121
2.14,0.00158964,-0.000834117,0.000462713,0.00831707,0.0711161,0.071124,0.071117,0.0711213
2.15,0.00155891,-0.000809996,0.000463777,0.00839928,0.0711164,0.0711238,0.0711169,0.0711216
2.16,0.00152808,-0.000785977,0.000464803,0.00924276,0.0711168,0.0711236,0.0711168,0.0711219
2.17,0.00149718,-0.000762099,0.000465792,0.0105979,0.0711172,0.0711235,0.0711168,0.0711222
2.18,0.00146623,-0.000738396,0.000466746,0.0122368,0.0711175,0.0711233,0.0711168,0.0711224
2.19,0.00143527,-0.000714901,0.000467666,0.01401,0.0711178,0.0711232,0.0711167,0.0711226
2.2,0.00140431,-0.000691646,0.000468552,0.0158289,0.0711181,0.071123,0.0711167,0.0711228
2.21,0.00137339,-0.00066866,0.000469407,0.0176421,0.0711184,0.0711229,0.0711168,0.0711229
2.22,0.00134254,-0.000645968,0.000470232,0.0194186,0.0711187,0.0711227,0.0711168,0.0711231
2.23,0.00131178,-0.000623596,0.000471026,0.0211394,0.0711189,0.0711226,0.0711168,0.0711232
2.24,0.00128114,-0.000601565,0.000471793,0.0227923,0.0711192,0.0711225,0.0711169,0.0711233
2.25,0.00125065,-0.000579896,0.000472532,0.0243694,0.0711196,0.0711222,0.071117,0.0711236
2.26,0.00122033,-0.000558609,0.000473246,0.0258655,0.0711195,0.0711225,0.071117,0.0711233
2.27,0.0011902,-0.000537719,0.000473933,0.0272777,0.0711201,0.071122,0.0711172,0.0711237
2.28,0.00116029,-0.000517241,0.000474596,0.0286038,0.0711199,0.0711223,0.0711171,0.0711234
2.29,0.00113062,-0.00049719,0.000475235,0.0298432,0.0711205,0.0711219,0.0711174,0.0711238
2.3,0.00110121,-0.000477576,0.000475852,0.0309952,0.0711203,0.0711221,0.0711173,0.0711235
2.31,0.00107209,-0.000458411,0.000476446,0.0320605,0.0711208,0.0711217,0.0711176,0.0711238
2.32,0.00104327,-0.000439701,0.000477019,0.0330393,0.0711207,0.071122,0.0711175,0.0711236
2.33,0.00101478,-0.000421455,0.000477571,0.0339331,0.0711211,0.0711216,0.0711179,0.0711238
2.34,0.000986634,-0.000403679,0.000478104,0.0347428,0.071121,0.0711219,0.0711178,0.0711236
2.35,0.000958844,-0.000386377,0.000478617,0.0354703,0.0711214,0.0711215,0.0711181,0.0711237
2.36,0.000931429,-0.000369552,0.000479112,0.036117,0.0711213,0.0711218,0.071118,0.0711236
2.37,0.000904405,-0.000353206,0.00047959,0.0366852,0.0711216,0.0711215,0.0711184,0.0711237
2.38,0.000877786,-0.000337341,0.00048005,0.0371766,0.0711215,0.0711217,0.0711183,0.0711235
2.39,0.000851584,-0.000321957,0.000480494,0.0375938,0.0711218,0.0711214,0.0711187,0.0711236
2.4,0.000825811,-0.000307052,0.000480921,0.0379387,0.0711218,0.0711216,0.0711185,0.0711235
2.41,0.000800479,-0.000292624,0.000481334,0.0382139,0.071122,0.0711214,0.071119,0.0711235
2.42,0.000775597,-0.000278672,0.000481732,0.0384218,0.071122,0.0711216,0.0711188,0.0711234
2.43,0.000751174,-0.00026519,0.000482115,0.0385649,0.0711222,0.0711214,0.0711192,0.0711234
2.44,0.000727218,-0.000252175,0.000482485,0.0386458,0.0711221,0.0711215,0.0711191,0.0711233
2.45,0.000703736,-0.000239622,0.000482841,0.0386671,0.0711223,0.0711214,0.0711195,0.0711233
2.46,0.000680734,-0.000227525,0.000483185,0.0386327,0.0711223,0.0711214,0.0711195,0.0711232
2.47,0.000658217,-0.000215878,0.000483517,0.0385424,0.0711223,0.0711215,0.0711194,0.0711231
2.48,0.000636189,-0.000204675,0.000483836,0.0384003,0.0711224,0.0711214,0.0711199,0.0711231
